City,Country,Region,County, Total_Population , White , % white , Black_African , %Black African , Asian , %Asian , Other_Ethnicity , % other_Ethinic , Total_NonWhite ,% non_white
London,England,Greater London,Greater London," 9,188,200.00 "," 4,961,628.00 ",54%," 1,286,348.00 ",14%," 1,929,522.00 ",21%," 1,010,702.00 ",11%," 4,226,572.00 ",46%
Birmingham,England,West Midlands,West Midlands," 1,199,447.00 "," 582,931.00 ",49%," 130,740.00 ",11%," 358,635.00 ",30%," 127,141.00 ",11%," 616,516.00 ",51%
Leeds,England,Yorkshire and The Humber,West Yorkshire," 860,894.00 "," 628,453.00 ",73%," 43,045.00 ",5%," 120,525.00 ",14%," 68,872.00 ",8%," 232,442.00 ",27%
Glasgow,Scotland,Scotland,Greater Glasgow," 663,221.00 "," 557,106.00 ",84%," 26,529.00 ",4%," 53,058.00 ",8%," 26,529.00 ",4%," 106,116.00 ",16%
Manchester,England,North West England,Greater Manchester," 605,521.00 "," 357,257.00 ",59%," 48,442.00 ",8%," 102,939.00 ",17%," 96,883.00 ",16%," 248,264.00 ",41%
Cornwall,England,South West England,Cornwall," 591,594.00 "," 573,846.00 ",97%," 5,916.00 ",1%," 5,916.00 ",1%," 5,916.00 ",1%," 17,748.00 ",3%
Sheffield,England,Yorkshire and The Humber,South Yorkshire," 588,768.00 "," 423,913.00 ",72%," 29,438.00 ",5%," 82,428.00 ",14%," 52,989.00 ",9%," 164,855.00 ",28%
Bradford,England,Yorkshire and The Humber,West Yorkshire," 570,186.00 "," 330,708.00 ",58%," 28,509.00 ",5%," 171,056.00 ",30%," 39,913.00 ",7%," 239,478.00 ",42%
County Durham,England,North East England,County Durham," 543,515.00 "," 516,339.00 ",95%," 5,435.00 ",1%," 10,870.00 ",2%," 10,870.00 ",2%," 27,175.00 ",5%
Edinburgh,Scotland,Scotland,Lothian," 540,101.00 "," 459,086.00 ",85%," 16,203.00 ",3%," 43,208.00 ",8%," 21,604.00 ",4%," 81,015.00 ",15%
Wiltshire,England,South West England,Wiltshire," 531,890.00 "," 499,977.00 ",94%," 5,319.00 ",1%," 15,957.00 ",3%," 10,638.00 ",2%," 31,914.00 ",6%
Liverpool,England,North West England,Merseyside," 518,060.00 "," 435,170.00 ",84%," 25,903.00 ",5%," 25,903.00 ",5%," 31,084.00 ",6%," 82,890.00 ",16%
Bristol,England,South West England,Bristol," 504,401.00 "," 383,345.00 ",76%," 35,308.00 ",7%," 40,352.00 ",8%," 45,396.00 ",9%," 121,056.00 ",24%
Kirklees,England,Yorkshire and The Humber,West Yorkshire," 451,654.00 "," 316,158.00 ",70%," 13,550.00 ",3%," 94,847.00 ",21%," 27,099.00 ",6%," 135,496.00 ",30%
Cheshire East,England,North West England,Cheshire," 431,445.00 "," 401,244.00 ",93%," 4,314.00 ",1%," 17,258.00 ",4%," 8,629.00 ",2%," 30,201.00 ",7%
Croydon,England,Greater London,Greater London," 415,854.00 "," 216,244.00 ",52%," 74,854.00 ",18%," 70,695.00 ",17%," 54,061.00 ",13%," 199,610.00 ",48%
Barnet,England,Greater London,Greater London," 411,361.00 "," 213,908.00 ",52%," 24,682.00 ",6%," 102,840.00 ",25%," 69,931.00 ",17%," 197,453.00 ",48%
Leicester,England,East Midlands,Leicestershire," 397,462.00 "," 162,562.00 ",41%," 31,002.00 ",8%," 172,499.00 ",43%," 31,399.00 ",8%," 234,900.00 ",59%
Ealing,England,Greater London,Greater London," 392,217.00 "," 156,887.00 ",40%," 31,377.00 ",8%," 145,120.00 ",37%," 58,833.00 ",15%," 235,330.00 ",60%
Cardiff,Wales,Wales,South Glamorgan," 391,495.00 "," 301,451.00 ",77%," 15,660.00 ",4%," 43,064.00 ",11%," 31,320.00 ",8%," 90,044.00 ",23%
Newham,England,Greater London,Greater London," 385,122.00 "," 119,388.00 ",31%," 61,620.00 ",16%," 146,346.00 ",38%," 57,768.00 ",15%," 265,734.00 ",69%
Cheshire West and Chester,England,North West England,Cheshire," 379,280.00 "," 345,145.00 ",91%," 3,793.00 ",1%," 18,964.00 ",5%," 11,378.00 ",3%," 34,135.00 ",9%
Coventry,England,West Midlands,West Midlands," 378,024.00 "," 226,814.00 ",60%," 30,242.00 ",8%," 83,165.00 ",22%," 37,802.00 ",10%," 151,209.00 ",40%
Fife,Scotland,Scotland,Fife," 376,502.00 "," 338,852.00 ",90%," 7,530.00 ",2%," 18,825.00 ",5%," 11,295.00 ",3%," 37,650.00 ",10%
Wakefield,England,Yorkshire and The Humber,West Yorkshire," 375,620.00 "," 330,546.00 ",88%," 7,512.00 ",2%," 22,537.00 ",6%," 15,025.00 ",4%," 45,074.00 ",12%
East Riding of Yorkshire,England,Yorkshire and The Humber,East Riding of Yorkshire," 360,762.00 "," 342,724.00 ",95%," 3,608.00 ",1%," 10,823.00 ",3%," 3,608.00 ",1%," 18,039.00 ",5%
Sandwell,England,West Midlands,West Midlands," 360,389.00 "," 198,214.00 ",55%," 28,831.00 ",8%," 97,305.00 ",27%," 36,039.00 ",10%," 162,175.00 ",45%
Brent,England,Greater London,Greater London," 356,957.00 "," 128,505.00 ",36%," 49,974.00 ",14%," 124,935.00 ",35%," 53,544.00 ",15%," 228,453.00 ",64%
Wigan,England,North West England,Greater Manchester," 350,509.00 "," 332,984.00 ",95%," 3,505.00 ",1%," 10,515.00 ",3%," 3,505.00 ",1%," 17,525.00 ",5%
North Lanarkshire,Scotland,Scotland,Lanarkshire," 345,840.00 "," 311,256.00 ",90%," 6,917.00 ",2%," 17,292.00 ",5%," 10,375.00 ",3%," 34,584.00 ",10%
Tower Hamlets,England,Greater London,Greater London," 343,937.00 "," 110,060.00 ",32%," 24,076.00 ",7%," 151,332.00 ",44%," 58,469.00 ",17%," 233,877.00 ",68%
Wandsworth,England,Greater London,Greater London," 341,081.00 "," 214,881.00 ",63%," 30,697.00 ",9%," 34,108.00 ",10%," 61,395.00 ",18%," 126,200.00 ",37%
South Lanarkshire,Scotland,Scotland,Lanarkshire," 337,675.00 "," 303,908.00 ",90%," 6,754.00 ",2%," 16,884.00 ",5%," 10,130.00 ",3%," 33,768.00 ",10%
Hillingdon,England,Greater London,Greater London," 337,556.00 "," 172,154.00 ",51%," 23,629.00 ",7%," 94,516.00 ",28%," 47,258.00 ",14%," 165,403.00 ",49%
Bromley,England,Greater London,Greater London," 337,506.00 "," 243,004.00 ",72%," 27,000.00 ",8%," 33,751.00 ",10%," 33,751.00 ",10%," 94,502.00 ",28%
Shropshire,England,West Midlands,Shropshire," 337,480.00 "," 323,981.00 ",96%," 3,375.00 ",1%," 6,750.00 ",2%," 3,375.00 ",1%," 13,500.00 ",4%
Dudley,England,West Midlands,West Midlands," 335,485.00 "," 258,323.00 ",77%," 10,065.00 ",3%," 46,968.00 ",14%," 20,129.00 ",6%," 77,162.00 ",23%
Northumberland,England,North East England,Northumberland," 335,376.00 "," 325,315.00 ",97%," 3,354.00 ",1%," 3,354.00 ",1%," 3,354.00 ",1%," 10,062.00 ",3%
Nottingham,England,East Midlands,Nottinghamshire," 335,171.00 "," 220,878.00 ",66%," 33,517.00 ",10%," 49,940.00 ",15%," 30,836.00 ",9%," 114,293.00 ",34%
Wirral,England,North West England,Merseyside," 330,714.00 "," 304,257.00 ",92%," 6,614.00 ",2%," 13,229.00 ",4%," 6,614.00 ",2%," 26,457.00 ",8%
Newcastle upon Tyne,England,North East England,Tyne and Wear," 328,349.00 "," 265,963.00 ",81%," 13,134.00 ",4%," 29,551.00 ",9%," 19,701.00 ",6%," 62,386.00 ",19%
Central Bedfordshire,England,East of England,Bedfordshire," 326,829.00 "," 271,268.00 ",83%," 9,805.00 ",3%," 29,415.00 ",9%," 16,341.00 ",5%," 55,561.00 ",17%
Enfield,England,Greater London,Greater London," 326,676.00 "," 169,872.00 ",52%," 39,201.00 ",12%," 55,535.00 ",17%," 62,068.00 ",19%," 156,804.00 ",48%
Redbridge,England,Greater London,Greater London," 325,903.00 "," 120,584.00 ",37%," 29,331.00 ",9%," 136,879.00 ",42%," 39,108.00 ",12%," 205,318.00 ",63%
Doncaster,England,Yorkshire and The Humber,South Yorkshire," 323,304.00 "," 287,741.00 ",89%," 6,466.00 ",2%," 19,398.00 ",6%," 9,699.00 ",3%," 35,563.00 ",11%
Southwark,England,Greater London,Greater London," 317,223.00 "," 161,784.00 ",51%," 66,617.00 ",21%," 38,067.00 ",12%," 50,756.00 ",16%," 155,440.00 ",49%
Bolton,England,North West England,Greater Manchester," 315,960.00 "," 233,810.00 ",74%," 9,479.00 ",3%," 56,873.00 ",18%," 15,798.00 ",5%," 82,150.00 ",26%
Lambeth,England,Greater London,Greater London," 315,610.00 "," 164,117.00 ",52%," 69,434.00 ",22%," 25,249.00 ",8%," 56,810.00 ",18%," 151,493.00 ",48%
Milton Keynes,England,South East England,Buckinghamshire," 314,541.00 "," 223,324.00 ",71%," 25,163.00 ",8%," 37,745.00 ",12%," 28,309.00 ",9%," 91,217.00 ",29%
South Gloucestershire,England,South West England,Gloucestershire," 314,483.00 "," 283,035.00 ",90%," 6,290.00 ",2%," 18,869.00 ",6%," 6,290.00 ",2%," 31,449.00 ",10%
Stockport,England,North West England,Greater Manchester," 307,537.00 "," 270,633.00 ",88%," 6,151.00 ",2%," 21,528.00 ",7%," 9,226.00 ",3%," 36,905.00 ",12%
Salford,England,North West England,Greater Manchester," 306,062.00 "," 238,728.00 ",78%," 15,303.00 ",5%," 30,606.00 ",10%," 21,424.00 ",7%," 67,333.00 ",22%
Greenwich,England,Greater London,Greater London," 305,459.00 "," 158,839.00 ",52%," 58,037.00 ",19%," 48,873.00 ",16%," 39,710.00 ",13%," 146,620.00 ",48%
Hounslow,England,Greater London,Greater London," 305,116.00 "," 128,149.00 ",42%," 21,358.00 ",7%," 109,842.00 ",36%," 45,767.00 ",15%," 176,967.00 ",58%
Lewisham,England,Greater London,Greater London," 302,580.00 "," 154,316.00 ",51%," 66,568.00 ",22%," 33,284.00 ",11%," 48,413.00 ",16%," 148,265.00 ",49%
Walsall,England,West Midlands,West Midlands," 300,361.00 "," 219,264.00 ",73%," 12,014.00 ",4%," 48,058.00 ",16%," 21,025.00 ",7%," 81,097.00 ",27%
Medway,England,South East England,Kent," 296,482.00 "," 237,186.00 ",80%," 11,859.00 ",4%," 29,648.00 ",10%," 17,789.00 ",6%," 59,296.00 ",20%
Sunderland,England,North East England,Tyne and Wear," 291,624.00 "," 271,210.00 ",93%," 5,832.00 ",2%," 8,749.00 ",3%," 5,832.00 ",2%," 20,413.00 ",7%
Sefton,England,North West England,Merseyside," 288,723.00 "," 268,512.00 ",93%," 5,774.00 ",2%," 8,662.00 ",3%," 5,774.00 ",2%," 20,210.00 ",7%
Wolverhampton,England,West Midlands,West Midlands," 287,161.00 "," 166,553.00 ",58%," 22,973.00 ",8%," 71,790.00 ",25%," 25,844.00 ",9%," 120,607.00 ",42%
Brighton and Hove,England,South East England,East Sussex," 285,339.00 "," 231,125.00 ",81%," 11,414.00 ",4%," 19,974.00 ",7%," 22,827.00 ",8%," 54,215.00 ",19%
Havering,England,Greater London,Greater London," 282,365.00 "," 231,539.00 ",82%," 16,942.00 ",6%," 19,766.00 ",7%," 14,118.00 ",5%," 50,826.00 ",18%
Waltham Forest,England,Greater London,Greater London," 280,896.00 "," 123,594.00 ",44%," 42,134.00 ",15%," 73,033.00 ",26%," 42,134.00 ",15%," 157,301.00 ",56%
Rotherham,England,Yorkshire and The Humber,South Yorkshire," 279,932.00 "," 243,541.00 ",87%," 5,599.00 ",2%," 22,395.00 ",8%," 8,398.00 ",3%," 36,392.00 ",13%
Kingston upon Hull,England,Yorkshire and The Humber,East Riding of Yorkshire," 278,303.00 "," 244,907.00 ",88%," 5,566.00 ",2%," 16,698.00 ",6%," 11,132.00 ",4%," 33,396.00 ",12%
Derby,England,East Midlands,Derbyshire," 278,015.00 "," 205,175.00 ",74%," 12,511.00 ",5%," 44,482.00 ",16%," 15,847.00 ",6%," 72,840.00 ",26%
Harrow,England,Greater London,Greater London," 274,274.00 "," 104,224.00 ",38%," 19,199.00 ",7%," 120,681.00 ",44%," 30,170.00 ",11%," 170,050.00 ",62%
Stoke-on-Trent,England,West Midlands,Staffordshire," 274,194.00 "," 224,839.00 ",82%," 5,484.00 ",2%," 30,161.00 ",11%," 13,710.00 ",5%," 49,355.00 ",18%
Plymouth,England,South West England,Devon," 274,104.00 "," 252,176.00 ",92%," 5,482.00 ",2%," 10,964.00 ",4%," 5,482.00 ",2%," 21,928.00 ",8%
Hackney,England,Greater London,Greater London," 267,843.00 "," 128,565.00 ",48%," 45,533.00 ",17%," 34,820.00 ",13%," 58,925.00 ",22%," 139,278.00 ",52%
Aberdeenshire,Scotland,Scotland,Aberdeenshire," 265,488.00 "," 238,939.00 ",90%," 5,310.00 ",2%," 13,274.00 ",5%," 7,965.00 ",3%," 26,549.00 ",10%
Southampton,England,South East England,Hampshire," 262,823.00 "," 202,374.00 ",77%," 13,141.00 ",5%," 26,282.00 ",10%," 21,026.00 ",8%," 60,449.00 ",23%
Haringey,England,Greater London,Greater London," 261,872.00 "," 125,699.00 ",48%," 39,281.00 ",15%," 34,043.00 ",13%," 62,849.00 ",24%," 136,173.00 ",52%
Bexley,England,Greater London,Greater London," 259,894.00 "," 194,920.00 ",75%," 20,792.00 ",8%," 28,588.00 ",11%," 15,594.00 ",6%," 64,974.00 ",25%
Oldham,England,North West England,Greater Manchester," 255,956.00 "," 166,371.00 ",65%," 7,679.00 ",3%," 66,549.00 ",26%," 15,357.00 ",6%," 89,585.00 ",35%
Barnsley,England,Yorkshire and The Humber,South Yorkshire," 254,879.00 "," 239,586.00 ",94%," 2,549.00 ",1%," 7,646.00 ",3%," 5,098.00 ",2%," 15,293.00 ",6%
Swansea,Wales,Wales,West Glamorgan," 254,040.00 "," 226,096.00 ",89%," 5,081.00 ",2%," 12,702.00 ",5%," 10,162.00 ",4%," 27,945.00 ",11%
Swindon,England,South West England,Wiltshire," 249,070.00 "," 204,237.00 ",82%," 9,963.00 ",4%," 22,416.00 ",9%," 12,454.00 ",5%," 44,833.00 ",18%
Rhondda Cynon Taff,Wales,Wales,Mid Glamorgan," 244,568.00 "," 220,111.00 ",90%," 4,891.00 ",2%," 12,228.00 ",5%," 7,337.00 ",3%," 24,456.00 ",10%
Luton,England,East of England,Bedfordshire," 244,144.00 "," 109,865.00 ",45%," 21,973.00 ",9%," 85,450.00 ",35%," 26,856.00 ",11%," 134,279.00 ",55%
Tameside,England,North West England,Greater Manchester," 243,351.00 "," 199,548.00 ",82%," 4,867.00 ",2%," 29,202.00 ",12%," 9,734.00 ",4%," 43,803.00 ",18%
Trafford,England,North West England,Greater Manchester," 242,961.00 "," 184,650.00 ",76%," 9,718.00 ",4%," 34,015.00 ",14%," 14,578.00 ",6%," 58,311.00 ",24%
Rochdale,England,North West England,Greater Manchester," 240,500.00 "," 173,160.00 ",72%," 7,215.00 ",3%," 45,695.00 ",19%," 14,430.00 ",6%," 67,340.00 ",28%
Barking and Dagenham,England,Greater London,Greater London," 239,031.00 "," 109,954.00 ",46%," 38,245.00 ",16%," 52,587.00 ",22%," 38,245.00 ",16%," 129,077.00 ",54%
Highland,Scotland,Scotland,Highland," 238,014.00 "," 214,213.00 ",90%," 4,760.00 ",2%," 11,901.00 ",5%," 7,140.00 ",3%," 23,801.00 ",10%
Aberdeen City,Scotland,Scotland,Aberdeenshire," 232,929.00 "," 200,319.00 ",86%," 6,988.00 ",3%," 16,305.00 ",7%," 9,317.00 ",4%," 32,610.00 ",14%
Peterborough,England,East of England,Cambridgeshire," 229,218.00 "," 146,700.00 ",64%," 18,337.00 ",8%," 38,967.00 ",17%," 25,214.00 ",11%," 82,518.00 ",36%
North Somerset,England,South West England,Somerset," 227,819.00 "," 205,037.00 ",90%," 4,556.00 ",2%," 11,391.00 ",5%," 6,835.00 ",3%," 22,782.00 ",10%
Islington,England,Greater London,Greater London," 224,098.00 "," 132,218.00 ",59%," 22,410.00 ",10%," 17,928.00 ",8%," 51,543.00 ",23%," 91,881.00 ",41%
Solihull,England,West Midlands,West Midlands," 223,421.00 "," 183,205.00 ",82%," 6,703.00 ",3%," 22,342.00 ",10%," 11,171.00 ",5%," 40,216.00 ",18%
Merton,England,Greater London,Greater London," 219,608.00 "," 129,569.00 ",59%," 26,353.00 ",12%," 32,941.00 ",15%," 30,745.00 ",14%," 90,039.00 ",41%
North Tyneside,England,North East England,Tyne and Wear," 217,804.00 "," 200,380.00 ",92%," 4,356.00 ",2%," 8,712.00 ",4%," 4,356.00 ",2%," 17,424.00 ",8%
Sutton,England,Greater London,Greater London," 217,602.00 "," 145,793.00 ",67%," 10,880.00 ",5%," 39,168.00 ",18%," 21,760.00 ",10%," 71,808.00 ",33%
Warrington,England,North West England,Cheshire," 216,705.00 "," 197,202.00 ",91%," 4,334.00 ",2%," 10,835.00 ",5%," 4,334.00 ",2%," 19,503.00 ",9%
Camden,England,Greater London,Greater London," 216,045.00 "," 125,306.00 ",58%," 17,284.00 ",8%," 28,086.00 ",13%," 45,369.00 ",21%," 90,739.00 ",42%
Portsmouth,England,South East England,Hampshire," 215,781.00 "," 176,940.00 ",82%," 8,631.00 ",4%," 19,420.00 ",9%," 10,789.00 ",5%," 38,840.00 ",18%
Calderdale,England,Yorkshire and The Humber,West Yorkshire," 211,806.00 "," 167,327.00 ",79%," 6,354.00 ",3%," 27,535.00 ",13%," 10,590.00 ",5%," 44,479.00 ",21%
York,England,Yorkshire and The Humber,North Yorkshire," 210,679.00 "," 187,504.00 ",89%," 4,214.00 ",2%," 12,641.00 ",6%," 6,320.00 ",3%," 23,175.00 ",11%
Stockton-on-Tees,England,North East England,Teesside," 209,330.00 "," 180,024.00 ",86%," 6,280.00 ",3%," 16,746.00 ",8%," 6,280.00 ",3%," 29,306.00 ",14%
Westminster,England,Greater London,Greater London," 208,711.00 "," 114,791.00 ",55%," 14,610.00 ",7%," 29,220.00 ",14%," 50,091.00 ",24%," 93,921.00 ",45%
Colchester,England,South East England,Essex," 204,204.00 "," 173,573.00 ",85%," 8,168.00 ",4%," 14,294.00 ",7%," 8,168.00 ",4%," 30,630.00 ",15%
Bath and North East Somerset,England,South West England,Somerset," 204,131.00 "," 179,635.00 ",88%," 4,083.00 ",2%," 12,248.00 ",6%," 8,165.00 ",4%," 24,496.00 ",12%
Gateshead,England,North East England,Tyne and Wear," 203,092.00 "," 188,876.00 ",93%," 4,062.00 ",2%," 6,093.00 ",3%," 4,062.00 ",2%," 14,217.00 ",7%
Telford and Wrekin,England,West Midlands,Shropshire," 201,479.00 "," 173,272.00 ",86%," 4,030.00 ",2%," 16,118.00 ",8%," 8,059.00 ",4%," 28,207.00 ",14%
Bury,England,North West England,Greater Manchester," 201,135.00 "," 164,931.00 ",82%," 4,023.00 ",2%," 24,136.00 ",12%," 8,045.00 ",4%," 36,204.00 ",18%
Bedford,England,East of England,Bedfordshire," 200,968.00 "," 132,639.00 ",66%," 16,077.00 ",8%," 32,155.00 ",16%," 20,097.00 ",10%," 68,329.00 ",34%
Richmond upon Thames,England,Greater London,Greater London," 197,060.00 "," 149,766.00 ",76%," 5,912.00 ",3%," 19,706.00 ",10%," 21,677.00 ",11%," 47,295.00 ",24%
Basingstoke and Deane,England,South East England,Hampshire," 196,925.00 "," 177,232.00 ",90%," 3,938.00 ",2%," 9,846.00 ",5%," 5,908.00 ",3%," 19,692.00 ",10%
Basildon,England,South East England,Essex," 196,141.00 "," 160,836.00 ",82%," 9,807.00 ",5%," 15,691.00 ",8%," 9,807.00 ",5%," 35,305.00 ",18%
Huntingdonshire,England,East of England,Cambridgeshire," 194,116.00 "," 174,704.00 ",90%," 3,882.00 ",2%," 9,706.00 ",5%," 5,823.00 ",3%," 19,411.00 ",10%
Maidstone,England,South East England,Kent," 193,470.00 "," 162,515.00 ",84%," 5,804.00 ",3%," 15,478.00 ",8%," 9,674.00 ",5%," 30,956.00 ",16%
Wokingham,England,South East England,Berkshire," 193,372.00 "," 158,565.00 ",82%," 3,867.00 ",2%," 23,205.00 ",12%," 7,735.00 ",4%," 34,807.00 ",18%
Chelmsford,England,South East England,Essex," 192,408.00 "," 165,471.00 ",86%," 5,772.00 ",3%," 13,469.00 ",7%," 7,696.00 ",4%," 26,937.00 ",14%
Renfrewshire,Scotland,Scotland,Renfrewshire," 192,252.00 "," 173,027.00 ",90%," 3,845.00 ",2%," 9,613.00 ",5%," 5,768.00 ",3%," 19,226.00 ",10%
Carmarthenshire,Wales,Wales,Dyfed," 192,251.00 "," 173,026.00 ",90%," 3,845.00 ",2%," 9,613.00 ",5%," 5,768.00 ",3%," 19,226.00 ",10%
Herefordshire,England,West Midlands,Herefordshire," 192,238.00 "," 180,704.00 ",94%," 1,922.00 ",1%," 5,767.00 ",3%," 3,845.00 ",2%," 11,534.00 ",6%
Charnwood,England,East Midlands,Leicestershire," 192,008.00 "," 157,447.00 ",82%," 3,840.00 ",2%," 23,041.00 ",12%," 7,680.00 ",4%," 34,561.00 ",18%
St. Helens,England,North West England,Merseyside," 191,293.00 "," 179,815.00 ",94%," 1,913.00 ",1%," 5,739.00 ",3%," 3,826.00 ",2%," 11,478.00 ",6%
Hammersmith and Fulham,England,Greater London,Greater London," 189,009.00 "," 111,515.00 ",59%," 17,011.00 ",9%," 18,901.00 ",10%," 41,582.00 ",22%," 77,494.00 ",41%
West Lothian,Scotland,Scotland,Lothian," 188,591.00 "," 169,732.00 ",90%," 3,772.00 ",2%," 9,430.00 ",5%," 5,658.00 ",3%," 18,860.00 ",10%
Southend-on-Sea,England,South East England,Essex," 186,629.00 "," 151,169.00 ",81%," 9,331.00 ",5%," 16,797.00 ",9%," 9,331.00 ",5%," 35,459.00 ",19%
Reading,England,South East England,Berkshire," 186,096.00 "," 122,823.00 ",66%," 11,166.00 ",6%," 31,636.00 ",17%," 20,471.00 ",11%," 63,273.00 ",34%
Thurrock,England,South East England,Essex," 184,346.00 "," 165,911.00 ",90%," 3,687.00 ",2%," 9,217.00 ",5%," 5,530.00 ",3%," 18,434.00 ",10%
South Cambridgeshire,England,East of England,Cambridgeshire," 176,714.00 "," 159,043.00 ",90%," 3,534.00 ",2%," 8,836.00 ",5%," 5,301.00 ",3%," 17,671.00 ",10%
Caerphilly,Wales,Wales,Gwent," 176,555.00 "," 158,900.00 ",90%," 3,531.00 ",2%," 8,828.00 ",5%," 5,297.00 ",3%," 17,656.00 ",10%
New Forest,England,South East England,Hampshire," 175,741.00 "," 158,167.00 ",90%," 3,515.00 ",2%," 8,787.00 ",5%," 5,272.00 ",3%," 17,574.00 ",10%
Cherwell,England,South East England,Oxfordshire," 175,688.00 "," 158,119.00 ",90%," 3,514.00 ",2%," 8,784.00 ",5%," 5,271.00 ",3%," 17,569.00 ",10%
Kingston upon Thames,England,Greater London,Greater London," 173,846.00 "," 107,785.00 ",62%," 8,692.00 ",5%," 34,769.00 ",20%," 22,600.00 ",13%," 66,061.00 ",38%
Arun,England,South East England,West Sussex," 172,996.00 "," 155,696.00 ",90%," 3,460.00 ",2%," 8,650.00 ",5%," 5,190.00 ",3%," 17,300.00 ",10%
Newport,Wales,Wales,Gwent," 172,428.00 "," 136,218.00 ",79%," 8,621.00 ",5%," 17,243.00 ",10%," 10,346.00 ",6%," 36,210.00 ",21%
North Lincolnshire,England,East Midlands,Lincolnshire," 171,812.00 "," 154,631.00 ",90%," 1,718.00 ",1%," 10,309.00 ",6%," 5,154.00 ",3%," 17,181.00 ",10%
Slough,England,South East England,Berkshire," 171,455.00 "," 58,295.00 ",34%," 13,716.00 ",8%," 80,584.00 ",47%," 18,860.00 ",11%," 113,160.00 ",66%
Wealden,England,South East England,East Sussex," 169,588.00 "," 152,629.00 ",90%," 3,392.00 ",2%," 8,479.00 ",5%," 5,088.00 ",3%," 16,959.00 ",10%
Preston,England,North West England,Lancashire," 168,268.00 "," 114,422.00 ",68%," 6,731.00 ",4%," 37,019.00 ",22%," 10,096.00 ",6%," 53,846.00 ",32%
Oxford,England,South East England,Oxfordshire," 167,837.00 "," 110,772.00 ",66%," 8,392.00 ",5%," 23,497.00 ",14%," 25,176.00 ",15%," 57,065.00 ",34%
Braintree,England,South East England,Essex," 167,439.00 "," 150,695.00 ",90%," 3,349.00 ",2%," 8,372.00 ",5%," 5,023.00 ",3%," 16,744.00 ",10%
West Berkshire,England,South East England,Berkshire," 166,526.00 "," 148,208.00 ",89%," 3,331.00 ",2%," 9,992.00 ",6%," 4,996.00 ",3%," 18,319.00 ",11%
Knowsley,England,North West England,Merseyside," 166,167.00 "," 154,535.00 ",93%," 3,323.00 ",2%," 4,985.00 ",3%," 3,323.00 ",2%," 11,631.00 ",7%
Mid Sussex,England,South East England,West Sussex," 165,560.00 "," 149,004.00 ",90%," 3,311.00 ",2%," 8,278.00 ",5%," 4,967.00 ",3%," 16,556.00 ",10%
Blackburn with Darwen,England,North West England,Lancashire," 165,346.00 "," 94,247.00 ",57%," 3,307.00 ",2%," 61,178.00 ",37%," 6,614.00 ",4%," 71,099.00 ",43%
Dacorum,England,East of England,Hertfordshire," 163,854.00 "," 147,469.00 ",90%," 3,277.00 ",2%," 8,193.00 ",5%," 4,916.00 ",3%," 16,386.00 ",10%
Canterbury,England,South East England,Kent," 163,454.00 "," 138,936.00 ",85%," 4,904.00 ",3%," 11,442.00 ",7%," 8,173.00 ",5%," 24,519.00 ",15%
East Devon,England,South West England,Devon," 162,971.00 "," 146,674.00 ",90%," 3,259.00 ",2%," 8,149.00 ",5%," 4,889.00 ",3%," 16,297.00 ",10%
Reigate and Banstead,England,South East England,Surrey," 162,599.00 "," 146,339.00 ",90%," 3,252.00 ",2%," 8,130.00 ",5%," 4,878.00 ",3%," 16,260.00 ",10%
Swale,England,South East England,Kent," 162,085.00 "," 145,876.00 ",90%," 3,242.00 ",2%," 8,104.00 ",5%," 4,863.00 ",3%," 16,209.00 ",10%
Windsor and Maidenhead,England,South East England,Berkshire," 160,991.00 "," 125,573.00 ",78%," 4,830.00 ",3%," 17,709.00 ",11%," 12,879.00 ",8%," 35,418.00 ",22%
Falkirk,Scotland,Scotland,Falkirk," 160,499.00 "," 144,449.00 ",90%," 3,210.00 ",2%," 8,025.00 ",5%," 4,815.00 ",3%," 16,050.00 ",10%
Tendring,England,South East England,Essex," 160,360.00 "," 144,324.00 ",90%," 3,207.00 ",2%," 8,018.00 ",5%," 4,811.00 ",3%," 16,036.00 ",10%
South Oxfordshire,England,South East England,Oxfordshire," 160,319.00 "," 144,287.00 ",90%," 3,206.00 ",2%," 8,016.00 ",5%," 4,810.00 ",3%," 16,032.00 ",10%
Middlesbrough,England,North East England,Teesside," 160,100.00 "," 123,277.00 ",77%," 6,404.00 ",4%," 20,813.00 ",13%," 9,606.00 ",6%," 36,823.00 ",23%
North East Lincolnshire,England,East Midlands,Lincolnshire," 160,083.00 "," 145,676.00 ",91%," 1,601.00 ",1%," 8,004.00 ",5%," 4,802.00 ",3%," 14,407.00 ",9%
East Hertfordshire,England,East of England,Hertfordshire," 160,064.00 "," 144,058.00 ",90%," 3,201.00 ",2%," 8,003.00 ",5%," 4,802.00 ",3%," 16,006.00 ",10%
Warwick,England,West Midlands,Warwickshire," 158,150.00 "," 132,846.00 ",84%," 3,163.00 ",2%," 14,234.00 ",9%," 7,908.00 ",5%," 25,305.00 ",16%
King's Lynn and West Norfolk,England,East of England,Norfolk," 157,188.00 "," 141,469.00 ",90%," 3,144.00 ",2%," 7,859.00 ",5%," 4,716.00 ",3%," 15,719.00 ",10%
Flintshire,Wales,Wales,Clwyd," 156,355.00 "," 140,720.00 ",90%," 3,127.00 ",2%," 7,818.00 ",5%," 4,691.00 ",3%," 15,636.00 ",10%
Perth and Kinross,Scotland,Scotland,Perthshire," 155,770.00 "," 140,193.00 ",90%," 3,115.00 ",2%," 7,788.00 ",5%," 4,673.00 ",3%," 15,576.00 ",10%
Horsham,England,South East England,West Sussex," 155,246.00 "," 139,721.00 ",90%," 3,105.00 ",2%," 7,762.00 ",5%," 4,657.00 ",3%," 15,524.00 ",10%
Vale of White Horse,England,South East England,Oxfordshire," 155,051.00 "," 139,546.00 ",90%," 3,101.00 ",2%," 7,753.00 ",5%," 4,652.00 ",3%," 15,506.00 ",10%
Guildford,England,South East England,Surrey," 153,623.00 "," 125,971.00 ",82%," 3,072.00 ",2%," 15,362.00 ",10%," 9,217.00 ",6%," 27,651.00 ",18%
Cambridge,England,East of England,Cambridgeshire," 153,084.00 "," 110,220.00 ",72%," 6,123.00 ",4%," 21,432.00 ",14%," 15,308.00 ",10%," 42,863.00 ",28%
South Norfolk,England,East of England,Norfolk," 152,906.00 "," 137,615.00 ",90%," 3,058.00 ",2%," 7,645.00 ",5%," 4,587.00 ",3%," 15,290.00 ",10%
South Tyneside,England,North East England,Tyne and Wear," 152,334.00 "," 138,624.00 ",91%," 4,570.00 ",3%," 6,093.00 ",4%," 3,047.00 ",2%," 13,710.00 ",9%
Stratford-on-Avon,England,West Midlands,Warwickshire," 152,038.00 "," 141,395.00 ",93%," 1,520.00 ",1%," 6,082.00 ",4%," 3,041.00 ",2%," 10,643.00 ",7%
St Albans,England,East of England,Hertfordshire," 151,943.00 "," 121,554.00 ",80%," 4,558.00 ",3%," 16,714.00 ",11%," 9,117.00 ",6%," 30,389.00 ",20%
Dundee City,Scotland,Scotland,Angus," 150,455.00 "," 130,896.00 ",87%," 4,514.00 ",3%," 9,027.00 ",6%," 6,018.00 ",4%," 19,559.00 ",13%
Breckland,England,East of England,Norfolk," 149,172.00 "," 134,255.00 ",90%," 2,983.00 ",2%," 7,459.00 ",5%," 4,475.00 ",3%," 14,917.00 ",10%
Norwich,England,East of England,Norfolk," 149,154.00 "," 126,781.00 ",85%," 5,966.00 ",4%," 8,949.00 ",6%," 7,458.00 ",5%," 22,373.00 ",15%
South Kesteven,England,East Midlands,Lincolnshire," 149,047.00 "," 138,614.00 ",93%," 1,490.00 ",1%," 5,962.00 ",4%," 2,981.00 ",2%," 10,433.00 ",7%
Bridgend,Wales,Wales,Mid Glamorgan," 148,747.00 "," 133,872.00 ",90%," 2,975.00 ",2%," 7,437.00 ",5%," 4,462.00 ",3%," 14,874.00 ",10%
East Lindsey,England,East Midlands,Lincolnshire," 146,888.00 "," 132,199.00 ",90%," 2,938.00 ",2%," 7,344.00 ",5%," 4,407.00 ",3%," 14,689.00 ",10%
Lancaster,England,North West England,Lancashire," 146,586.00 "," 130,462.00 ",89%," 2,932.00 ",2%," 8,795.00 ",6%," 4,398.00 ",3%," 16,125.00 ",11%
Eastleigh,England,South East England,Hampshire," 146,409.00 "," 131,768.00 ",90%," 2,928.00 ",2%," 7,320.00 ",5%," 4,392.00 ",3%," 14,640.00 ",10%
Dumfries and Galloway,Scotland,Scotland,Dumfries and Galloway," 145,210.00 "," 130,689.00 ",90%," 2,904.00 ",2%," 7,260.00 ",5%," 4,356.00 ",3%," 14,520.00 ",10%
Ashford,England,South East England,Kent," 144,853.00 "," 130,368.00 ",90%," 2,897.00 ",2%," 7,243.00 ",5%," 4,346.00 ",3%," 14,486.00 ",10%
Blackpool,England,North West England,Lancashire," 144,731.00 "," 127,363.00 ",88%," 2,895.00 ",2%," 8,684.00 ",6%," 5,789.00 ",4%," 17,368.00 ",12%
Nuneaton and Bedworth,England,West Midlands,Warwickshire," 144,622.00 "," 122,929.00 ",85%," 4,339.00 ",3%," 11,570.00 ",8%," 5,785.00 ",4%," 21,694.00 ",15%
Neath Port Talbot,Wales,Wales,West Glamorgan," 144,049.00 "," 129,644.00 ",90%," 2,881.00 ",2%," 7,202.00 ",5%," 4,321.00 ",3%," 14,404.00 ",10%
Stafford,England,West Midlands,Staffordshire," 143,961.00 "," 132,444.00 ",92%," 1,440.00 ",1%," 7,198.00 ",5%," 2,879.00 ",2%," 11,517.00 ",8%
Thanet,England,South East England,Kent," 143,372.00 "," 129,035.00 ",90%," 2,867.00 ",2%," 7,169.00 ",5%," 4,301.00 ",3%," 14,337.00 ",10%
Elmbridge,England,South East England,Surrey," 143,189.00 "," 128,870.00 ",90%," 2,864.00 ",2%," 7,159.00 ",5%," 4,296.00 ",3%," 14,319.00 ",10%
Exeter,England,South West England,Devon," 142,441.00 "," 123,924.00 ",87%," 4,273.00 ",3%," 8,546.00 ",6%," 5,698.00 ",4%," 18,517.00 ",13%
Isle of Wight,England,South East England,Isle of Wight," 142,186.00 "," 135,077.00 ",95%," 1,422.00 ",1%," 2,844.00 ",2%," 2,844.00 ",2%," 7,110.00 ",5%
Kensington and Chelsea,England,Greater London,Greater London," 142,053.00 "," 88,073.00 ",62%," 7,103.00 ",5%," 11,364.00 ",8%," 35,513.00 ",25%," 53,980.00 ",38%
Wychavon,England,West Midlands,Worcestershire," 141,855.00 "," 133,344.00 ",94%," 1,419.00 ",1%," 4,256.00 ",3%," 2,837.00 ",2%," 8,512.00 ",6%
Torbay,England,South West England,Devon," 141,279.00 "," 134,215.00 ",95%," 1,413.00 ",1%," 2,826.00 ",2%," 2,826.00 ",2%," 7,065.00 ",5%
Gloucester,England,South West England,Gloucestershire," 141,062.00 "," 112,850.00 ",80%," 8,464.00 ",6%," 12,696.00 ",9%," 7,053.00 ",5%," 28,213.00 ",20%
Broadland,England,East of England,Norfolk," 141,055.00 "," 126,950.00 ",90%," 2,821.00 ",2%," 7,053.00 ",5%," 4,232.00 ",3%," 14,106.00 ",10%
Teignbridge,England,South West England,Devon," 140,869.00 "," 126,782.00 ",90%," 2,817.00 ",2%," 7,043.00 ",5%," 4,226.00 ",3%," 14,086.00 ",10%
Ipswich,England,East of England,Suffolk," 140,403.00 "," 126,363.00 ",90%," 2,808.00 ",2%," 7,020.00 ",5%," 4,212.00 ",3%," 14,040.00 ",10%
Redcar and Cleveland,England,North East England,Teesside," 140,100.00 "," 134,496.00 ",96%," 1,401.00 ",1%," 2,802.00 ",2%," 1,401.00 ",1%," 5,604.00 ",4%
Tonbridge and Malling,England,South East England,Kent," 139,460.00 "," 125,514.00 ",90%," 2,789.00 ",2%," 6,973.00 ",5%," 4,184.00 ",3%," 13,946.00 ",10%
Winchester,England,South East England,Hampshire," 139,004.00 "," 125,104.00 ",90%," 2,780.00 ",2%," 6,950.00 ",5%," 4,170.00 ",3%," 13,900.00 ",10%
Epping Forest,England,South East England,Essex," 138,963.00 "," 125,067.00 ",90%," 2,779.00 ",2%," 6,948.00 ",5%," 4,169.00 ",3%," 13,896.00 ",10%
Wrexham,Wales,Wales,Clwyd," 138,848.00 "," 124,963.00 ",90%," 2,777.00 ",2%," 6,942.00 ",5%," 4,165.00 ",3%," 13,884.00 ",10%
North Hertfordshire,England,East of England,Hertfordshire," 138,463.00 "," 124,617.00 ",90%," 2,769.00 ",2%," 6,923.00 ",5%," 4,154.00 ",3%," 13,846.00 ",10%
Test Valley,England,South East England,Hampshire," 138,259.00 "," 124,433.00 ",90%," 2,765.00 ",2%," 6,913.00 ",5%," 4,148.00 ",3%," 13,826.00 ",10%
Vale of Glamorgan,Wales,Wales,South Glamorgan," 137,945.00 "," 124,150.00 ",90%," 2,759.00 ",2%," 6,897.00 ",5%," 4,138.00 ",3%," 13,794.00 ",10%
Waverley,England,South East England,Surrey," 136,576.00 "," 122,918.00 ",90%," 2,732.00 ",2%," 6,829.00 ",5%," 4,097.00 ",3%," 13,658.00 ",10%
Powys,Wales,Wales,Powys," 135,533.00 "," 121,980.00 ",90%," 2,711.00 ",2%," 6,777.00 ",5%," 4,066.00 ",3%," 13,554.00 ",10%
Bracknell Forest,England,South East England,Berkshire," 133,565.00 "," 106,852.00 ",80%," 4,007.00 ",3%," 14,692.00 ",11%," 8,014.00 ",6%," 26,713.00 ",20%
North Ayrshire,Scotland,Scotland,Ayrshire," 133,524.00 "," 120,172.00 ",90%," 2,670.00 ",2%," 6,676.00 ",5%," 4,006.00 ",3%," 13,352.00 ",10%
Halton,England,North West England,Cheshire," 132,699.00 "," 120,756.00 ",91%," 2,654.00 ",2%," 6,635.00 ",5%," 2,654.00 ",2%," 11,943.00 ",9%
East Hampshire,England,South East England,Hampshire," 132,608.00 "," 119,347.00 ",90%," 2,652.00 ",2%," 6,630.00 ",5%," 3,978.00 ",3%," 13,260.00 ",10%
East Staffordshire,England,West Midlands,Staffordshire," 132,488.00 "," 119,239.00 ",90%," 2,650.00 ",2%," 6,624.00 ",5%," 3,975.00 ",3%," 13,249.00 ",10%
Amber Valley,England,East Midlands,Derbyshire," 132,207.00 "," 118,986.00 ",90%," 2,644.00 ",2%," 6,610.00 ",5%," 3,966.00 ",3%," 13,220.00 ",10%
Chichester,England,South East England,West Sussex," 131,388.00 "," 118,249.00 ",90%," 2,628.00 ",2%," 6,569.00 ",5%," 3,942.00 ",3%," 13,139.00 ",10%
Ashfield,England,East Midlands,Nottinghamshire," 131,052.00 "," 123,189.00 ",94%," 1,311.00 ",1%," 3,932.00 ",3%," 2,621.00 ",2%," 7,864.00 ",6%
Newark and Sherwood,England,East Midlands,Nottinghamshire," 130,132.00 "," 121,023.00 ",93%," 1,301.00 ",1%," 5,205.00 ",4%," 2,603.00 ",2%," 9,109.00 ",7%
Dartford,England,South East England,Kent," 130,124.00 "," 117,112.00 ",90%," 2,602.00 ",2%," 6,506.00 ",5%," 3,904.00 ",3%," 13,012.00 ",10%
Rushcliffe,England,East Midlands,Nottinghamshire," 130,006.00 "," 115,705.00 ",89%," 1,300.00 ",1%," 9,100.00 ",7%," 3,900.00 ",3%," 14,300.00 ",11%
Newcastle-under-Lyme,England,West Midlands,Staffordshire," 128,589.00 "," 118,302.00 ",92%," 1,286.00 ",1%," 6,429.00 ",5%," 2,572.00 ",2%," 10,287.00 ",8%
Havant,England,South East England,Hampshire," 128,076.00 "," 115,268.00 ",90%," 2,562.00 ",2%," 6,404.00 ",5%," 3,842.00 ",3%," 12,808.00 ",10%
Stroud,England,South West England,Gloucestershire," 127,751.00 "," 114,976.00 ",90%," 2,555.00 ",2%," 6,388.00 ",5%," 3,833.00 ",3%," 12,776.00 ",10%
Bassetlaw,England,East Midlands,Nottinghamshire," 127,409.00 "," 121,039.00 ",95%," 1,274.00 ",1%," 3,822.00 ",3%," 1,274.00 ",1%," 6,370.00 ",5%
Pembrokeshire,Wales,Wales,Dyfed," 126,677.00 "," 114,009.00 ",90%," 2,534.00 ",2%," 6,334.00 ",5%," 3,800.00 ",3%," 12,668.00 ",10%
Crawley,England,South East England,West Sussex," 126,608.00 "," 84,827.00 ",67%," 10,129.00 ",8%," 21,523.00 ",17%," 10,129.00 ",8%," 41,781.00 ",33%
Rugby,England,West Midlands,Warwickshire," 126,262.00 "," 106,060.00 ",84%," 2,525.00 ",2%," 11,364.00 ",9%," 6,313.00 ",5%," 20,202.00 ",16%
North Kesteven,England,East Midlands,Lincolnshire," 125,007.00 "," 112,506.00 ",90%," 2,500.00 ",2%," 6,250.00 ",5%," 3,750.00 ",3%," 12,500.00 ",10%
Welwyn Hatfield,England,East of England,Hertfordshire," 124,876.00 "," 112,388.00 ",90%," 2,498.00 ",2%," 6,244.00 ",5%," 3,746.00 ",3%," 12,488.00 ",10%
West Lancashire,England,North West England,Lancashire," 123,959.00 "," 111,563.00 ",90%," 2,479.00 ",2%," 6,198.00 ",5%," 3,719.00 ",3%," 12,396.00 ",10%
Sevenoaks,England,South East England,Kent," 123,891.00 "," 111,502.00 ",90%," 2,478.00 ",2%," 6,195.00 ",5%," 3,717.00 ",3%," 12,390.00 ",10%
West Oxfordshire,England,South East England,Oxfordshire," 123,677.00 "," 111,309.00 ",90%," 2,474.00 ",2%," 6,184.00 ",5%," 3,710.00 ",3%," 12,368.00 ",10%
Chorley,England,North West England,Lancashire," 122,794.00 "," 114,198.00 ",93%," 1,228.00 ",1%," 4,912.00 ",4%," 2,456.00 ",2%," 8,596.00 ",7%
Cheltenham,England,South West England,Gloucestershire," 122,657.00 "," 106,712.00 ",87%," 3,680.00 ",3%," 7,359.00 ",6%," 4,906.00 ",4%," 15,945.00 ",13%
South Derbyshire,England,East Midlands,Derbyshire," 122,415.00 "," 110,174.00 ",90%," 2,448.00 ",2%," 6,121.00 ",5%," 3,672.00 ",3%," 12,241.00 ",10%
Dover,England,South East England,Kent," 121,454.00 "," 109,309.00 ",90%," 2,429.00 ",2%," 6,073.00 ",5%," 3,644.00 ",3%," 12,146.00 ",10%
East Ayrshire,Scotland,Scotland,Ayrshire," 121,449.00 "," 109,304.00 ",90%," 2,429.00 ",2%," 6,072.00 ",5%," 3,643.00 ",3%," 12,144.00 ",10%
Wyre,England,North West England,Lancashire," 121,157.00 "," 109,041.00 ",90%," 2,423.00 ",2%," 6,058.00 ",5%," 3,635.00 ",3%," 12,116.00 ",10%
Gedling,England,East Midlands,Nottinghamshire," 121,133.00 "," 106,597.00 ",88%," 2,423.00 ",2%," 8,479.00 ",7%," 3,634.00 ",3%," 14,536.00 ",12%
Gwynedd,Wales,Wales,Gwynedd," 121,077.00 "," 108,969.00 ",90%," 2,422.00 ",2%," 6,054.00 ",5%," 3,632.00 ",3%," 12,108.00 ",10%
Tunbridge Wells,England,South East England,Kent," 120,817.00 "," 108,735.00 ",90%," 2,416.00 ",2%," 6,041.00 ",5%," 3,625.00 ",3%," 12,082.00 ",10%
Hinckley and Bosworth,England,East Midlands,Leicestershire," 118,556.00 "," 104,329.00 ",88%," 1,186.00 ",1%," 9,484.00 ",8%," 3,557.00 ",3%," 14,227.00 ",12%
East Lothian,Scotland,Scotland,Lothian," 117,796.00 "," 106,016.00 ",90%," 2,356.00 ",2%," 5,890.00 ",5%," 3,534.00 ",3%," 11,780.00 ",10%
South Ribble,England,North West England,Lancashire," 117,547.00 "," 105,792.00 ",90%," 2,351.00 ",2%," 5,877.00 ",5%," 3,526.00 ",3%," 11,754.00 ",10%
Scottish Borders,Scotland,Scotland,Scottish Borders," 117,450.00 "," 105,705.00 ",90%," 2,349.00 ",2%," 5,872.00 ",5%," 3,524.00 ",3%," 11,745.00 ",10%
North West Leicestershire,England,East Midlands,Leicestershire," 115,656.00 "," 104,090.00 ",90%," 1,157.00 ",1%," 6,939.00 ",6%," 3,470.00 ",3%," 11,566.00 ",10%
Fareham,England,South East England,Hampshire," 115,640.00 "," 104,076.00 ",90%," 2,313.00 ",2%," 5,782.00 ",5%," 3,469.00 ",3%," 11,564.00 ",10%
Broxtowe,England,East Midlands,Nottinghamshire," 115,512.00 "," 100,495.00 ",87%," 2,310.00 ",2%," 9,241.00 ",8%," 3,465.00 ",3%," 15,016.00 ",13%
South Staffordshire,England,West Midlands,Staffordshire," 115,499.00 "," 103,949.00 ",90%," 2,310.00 ",2%," 5,775.00 ",5%," 3,465.00 ",3%," 11,550.00 ",10%
Worthing,England,South East England,West Sussex," 115,132.00 "," 103,619.00 ",90%," 2,303.00 ",2%," 5,757.00 ",5%," 3,454.00 ",3%," 11,514.00 ",10%
Conwy,Wales,Wales,Clwyd," 114,783.00 "," 103,305.00 ",90%," 2,296.00 ",2%," 5,739.00 ",5%," 3,443.00 ",3%," 11,478.00 ",10%
Mansfield,England,East Midlands,Nottinghamshire," 114,428.00 "," 107,562.00 ",94%," 1,144.00 ",1%," 3,433.00 ",3%," 2,289.00 ",2%," 6,866.00 ",6%
Angus,Scotland,Scotland,Angus," 114,357.00 "," 102,921.00 ",90%," 2,287.00 ",2%," 5,718.00 ",5%," 3,431.00 ",3%," 11,436.00 ",10%
Erewash,England,East Midlands,Derbyshire," 114,313.00 "," 102,882.00 ",90%," 2,286.00 ",2%," 5,716.00 ",5%," 3,429.00 ",3%," 11,431.00 ",10%
Lichfield,England,West Midlands,Staffordshire," 114,160.00 "," 107,310.00 ",94%," 1,142.00 ",1%," 4,566.00 ",4%," 1,142.00 ",1%," 6,850.00 ",6%
Darlington,England,North East England,County Durham," 113,987.00 "," 102,588.00 ",90%," 2,280.00 ",2%," 5,699.00 ",5%," 3,420.00 ",3%," 11,399.00 ",10%
Mid Suffolk,England,East of England,Suffolk," 113,638.00 "," 102,274.00 ",90%," 2,273.00 ",2%," 5,682.00 ",5%," 3,409.00 ",3%," 11,364.00 ",10%
Folkestone and Hythe,England,South East England,Kent," 113,339.00 "," 102,005.00 ",90%," 2,267.00 ",2%," 5,667.00 ",5%," 3,400.00 ",3%," 11,334.00 ",10%
South Ayrshire,Scotland,Scotland,Ayrshire," 112,260.00 "," 101,034.00 ",90%," 2,245.00 ",2%," 5,613.00 ",5%," 3,368.00 ",3%," 11,226.00 ",10%
Gravesham,England,South East England,Kent," 111,642.00 "," 100,478.00 ",90%," 2,233.00 ",2%," 5,582.00 ",5%," 3,349.00 ",3%," 11,164.00 ",10%
Hertsmere,England,East of England,Hertfordshire," 111,544.00 "," 100,390.00 ",90%," 2,231.00 ",2%," 5,577.00 ",5%," 3,346.00 ",3%," 11,154.00 ",10%
Blaby,England,East Midlands,Leicestershire," 110,916.00 "," 93,169.00 ",84%," 2,218.00 ",2%," 11,092.00 ",10%," 4,437.00 ",4%," 17,747.00 ",16%
East Dunbartonshire,Scotland,Scotland,Dunbartonshire," 110,561.00 "," 99,505.00 ",90%," 2,211.00 ",2%," 5,528.00 ",5%," 3,317.00 ",3%," 11,056.00 ",10%
Watford,England,East of England,Hertfordshire," 108,967.00 "," 66,470.00 ",61%," 8,717.00 ",8%," 19,614.00 ",18%," 14,166.00 ",13%," 42,497.00 ",39%
Spelthorne,England,South East England,Surrey," 108,772.00 "," 97,895.00 ",90%," 2,175.00 ",2%," 5,439.00 ",5%," 3,263.00 ",3%," 10,877.00 ",10%
Harborough,England,East Midlands,Leicestershire," 108,457.00 "," 97,611.00 ",90%," 1,085.00 ",1%," 6,507.00 ",6%," 3,254.00 ",3%," 10,846.00 ",10%
North East Derbyshire,England,East Midlands,Derbyshire," 108,382.00 "," 97,544.00 ",90%," 2,168.00 ",2%," 5,419.00 ",5%," 3,251.00 ",3%," 10,838.00 ",10%
Rushmoor,England,South East England,Hampshire," 107,633.00 "," 96,870.00 ",90%," 2,153.00 ",2%," 5,382.00 ",5%," 3,229.00 ",3%," 10,764.00 ",10%
Worcester,England,West Midlands,Worcestershire," 107,483.00 "," 93,510.00 ",87%," 3,224.00 ",3%," 7,524.00 ",7%," 3,224.00 ",3%," 13,972.00 ",13%
Lincoln,England,East Midlands,Lincolnshire," 106,418.00 "," 91,519.00 ",86%," 3,193.00 ",3%," 7,449.00 ",7%," 4,257.00 ",4%," 14,899.00 ",14%
Chesterfield,England,East Midlands,Derbyshire," 106,411.00 "," 95,770.00 ",90%," 2,128.00 ",2%," 5,321.00 ",5%," 3,192.00 ",3%," 10,641.00 ",10%
Woking,England,South East England,Surrey," 106,218.00 "," 95,596.00 ",90%," 2,124.00 ",2%," 5,311.00 ",5%," 3,187.00 ",3%," 10,622.00 ",10%
Fenland,England,East of England,Cambridgeshire," 106,018.00 "," 95,416.00 ",90%," 2,120.00 ",2%," 5,301.00 ",5%," 3,181.00 ",3%," 10,602.00 ",10%
Tewkesbury,England,South West England,Gloucestershire," 106,001.00 "," 95,401.00 ",90%," 2,120.00 ",2%," 5,300.00 ",5%," 3,180.00 ",3%," 10,600.00 ",10%
Cannock Chase,England,West Midlands,Staffordshire," 105,611.00 "," 98,218.00 ",93%," 1,056.00 ",1%," 4,224.00 ",4%," 2,112.00 ",2%," 7,392.00 ",7%
Hart,England,South East England,Hampshire," 105,127.00 "," 94,614.00 ",90%," 2,103.00 ",2%," 5,256.00 ",5%," 3,154.00 ",3%," 10,513.00 ",10%
Wyre Forest,England,West Midlands,Worcestershire," 104,791.00 "," 98,504.00 ",94%," 1,048.00 ",1%," 3,144.00 ",3%," 2,096.00 ",2%," 6,288.00 ",6%
Eastbourne,England,South East England,East Sussex," 104,769.00 "," 94,292.00 ",90%," 2,095.00 ",2%," 5,238.00 ",5%," 3,143.00 ",3%," 10,476.00 ",10%
North Norfolk,England,East of England,Norfolk," 103,495.00 "," 93,146.00 ",90%," 2,070.00 ",2%," 5,175.00 ",5%," 3,105.00 ",3%," 10,350.00 ",10%
Bromsgrove,England,West Midlands,Worcestershire," 103,127.00 "," 96,939.00 ",94%," 1,031.00 ",1%," 4,125.00 ",4%," 1,031.00 ",1%," 6,187.00 ",6%
Lewes,England,South East England,East Sussex," 102,960.00 "," 92,664.00 ",90%," 2,059.00 ",2%," 5,148.00 ",5%," 3,089.00 ",3%," 10,296.00 ",10%
Broxbourne,England,East of England,Hertfordshire," 102,957.00 "," 92,661.00 ",90%," 2,059.00 ",2%," 5,148.00 ",5%," 3,089.00 ",3%," 10,296.00 ",10%
North Devon,England,South West England,Devon," 102,935.00 "," 92,642.00 ",90%," 2,059.00 ",2%," 5,147.00 ",5%," 3,088.00 ",3%," 10,294.00 ",10%
Midlothian,Scotland,Scotland,Lothian," 102,684.00 "," 92,416.00 ",90%," 2,054.00 ",2%," 5,134.00 ",5%," 3,081.00 ",3%," 10,269.00 ",10%
Pendle,England,North West England,Lancashire," 101,708.00 "," 91,537.00 ",90%," 2,034.00 ",2%," 5,085.00 ",5%," 3,051.00 ",3%," 10,170.00 ",10%
Burnley,England,North West England,Lancashire," 101,604.00 "," 76,203.00 ",75%," 2,032.00 ",2%," 19,305.00 ",19%," 4,064.00 ",4%," 25,401.00 ",25%
East Renfrewshire,Scotland,Scotland,Renfrewshire," 101,393.00 "," 91,254.00 ",90%," 2,028.00 ",2%," 5,070.00 ",5%," 3,042.00 ",3%," 10,140.00 ",10%
South Holland,England,East Midlands,Lincolnshire," 101,291.00 "," 91,162.00 ",90%," 2,026.00 ",2%," 5,065.00 ",5%," 3,039.00 ",3%," 10,130.00 ",10%
Great Yarmouth,England,East of England,Norfolk," 100,865.00 "," 90,778.00 ",90%," 2,017.00 ",2%," 5,043.00 ",5%," 3,026.00 ",3%," 10,086.00 ",10%
West Lindsey,England,East Midlands,Lincolnshire," 100,839.00 "," 90,755.00 ",90%," 2,017.00 ",2%," 5,042.00 ",5%," 3,025.00 ",3%," 10,084.00 ",10%
Harlow,England,South East England,Essex," 100,718.00 "," 90,646.00 ",90%," 2,014.00 ",2%," 5,036.00 ",5%," 3,022.00 ",3%," 10,072.00 ",10%
Hartlepool,England,North East England,Teesside," 99,579.00 "," 93,604.00 ",94%," 1,992.00 ",2%," 2,987.00 ",3%, 996.00 ,1%," 5,975.00 ",6%
Denbighshire,Wales,Wales,Clwyd," 99,000.00 "," 89,100.00 ",90%," 1,980.00 ",2%," 4,950.00 ",5%," 2,970.00 ",3%," 9,900.00 ",10%
Babergh,England,East of England,Suffolk," 98,818.00 "," 88,936.00 ",90%," 1,976.00 ",2%," 4,941.00 ",5%," 2,965.00 ",3%," 9,882.00 ",10%
Uttlesford,England,South East England,Essex," 97,607.00 "," 87,846.00 ",90%," 1,952.00 ",2%," 4,880.00 ",5%," 2,928.00 ",3%," 9,760.00 ",10%
Rother,England,South East England,East Sussex," 97,135.00 "," 87,422.00 ",90%," 1,943.00 ",2%," 4,857.00 ",5%," 2,914.00 ",3%," 9,714.00 ",10%
Three Rivers,England,East of England,Hertfordshire," 96,683.00 "," 87,015.00 ",90%," 1,934.00 ",2%," 4,834.00 ",5%," 2,900.00 ",3%," 9,668.00 ",10%
Staffordshire Moorlands,England,West Midlands,Staffordshire," 96,551.00 "," 86,896.00 ",90%," 1,931.00 ",2%," 4,828.00 ",5%," 2,897.00 ",3%," 9,656.00 ",10%
Surrey Heath,England,South East England,Surrey," 95,771.00 "," 86,194.00 ",90%," 1,915.00 ",2%," 4,789.00 ",5%," 2,873.00 ",3%," 9,577.00 ",10%
Monmouthshire,Wales,Wales,Gwent," 95,624.00 "," 86,062.00 ",90%," 1,912.00 ",2%," 4,781.00 ",5%," 2,869.00 ",3%," 9,562.00 ",10%
Moray,Scotland,Scotland,Moray," 95,057.00 "," 85,551.00 ",90%," 1,901.00 ",2%," 4,753.00 ",5%," 2,852.00 ",3%," 9,506.00 ",10%
Stirling,Scotland,Scotland,Stirling," 94,964.00 "," 85,468.00 ",90%," 1,899.00 ",2%," 4,748.00 ",5%," 2,849.00 ",3%," 9,496.00 ",10%
Torfaen,Wales,Wales,Gwent," 94,863.00 "," 85,377.00 ",90%," 1,897.00 ",2%," 4,743.00 ",5%," 2,846.00 ",3%," 9,486.00 ",10%
East Cambridgeshire,England,East of England,Cambridgeshire," 94,331.00 "," 84,898.00 ",90%," 1,887.00 ",2%," 4,717.00 ",5%," 2,830.00 ",3%," 9,434.00 ",10%
Runnymede,England,South East England,Surrey," 94,093.00 "," 84,684.00 ",90%," 1,882.00 ",2%," 4,705.00 ",5%," 2,823.00 ",3%," 9,410.00 ",10%
South Hams,England,South West England,Devon," 93,911.00 "," 84,520.00 ",90%," 1,878.00 ",2%," 4,696.00 ",5%," 2,817.00 ",3%," 9,391.00 ",10%
Cotswold,England,South West England,Gloucestershire," 93,139.00 "," 83,825.00 ",90%," 1,863.00 ",2%," 4,657.00 ",5%," 2,794.00 ",3%," 9,314.00 ",10%
Stevenage,England,East of England,Hertfordshire," 92,756.00 "," 66,784.00 ",72%," 7,420.00 ",8%," 11,131.00 ",12%," 7,420.00 ",8%," 25,971.00 ",28%
High Peak,England,East Midlands,Derbyshire," 92,226.00 "," 83,003.00 ",90%," 1,845.00 ",2%," 4,611.00 ",5%," 2,767.00 ",3%," 9,223.00 ",10%
Tandridge,England,South East England,Surrey," 91,750.00 "," 82,575.00 ",90%," 1,835.00 ",2%," 4,588.00 ",5%," 2,752.00 ",3%," 9,175.00 ",10%
Hastings,England,South East England,East Sussex," 91,091.00 "," 81,982.00 ",90%," 1,822.00 ",2%," 4,555.00 ",5%," 2,733.00 ",3%," 9,110.00 ",10%
Rochford,England,South East England,Essex," 91,091.00 "," 81,982.00 ",90%," 1,822.00 ",2%," 4,555.00 ",5%," 2,733.00 ",3%," 9,110.00 ",10%
Forest of Dean,England,South West England,Gloucestershire," 91,003.00 "," 81,903.00 ",90%," 1,820.00 ",2%," 4,550.00 ",5%," 2,730.00 ",3%," 9,100.00 ",10%
Castle Point,England,South East England,Essex," 90,969.00 "," 81,872.00 ",90%," 1,819.00 ",2%," 4,548.00 ",5%," 2,729.00 ",3%," 9,096.00 ",10%
Mole Valley,England,South East England,Surrey," 88,989.00 "," 80,090.00 ",90%," 1,780.00 ",2%," 4,449.00 ",5%," 2,670.00 ",3%," 8,899.00 ",10%
West Dunbartonshire,Scotland,Scotland,Dunbartonshire," 88,941.00 "," 80,047.00 ",90%," 1,779.00 ",2%," 4,447.00 ",5%," 2,668.00 ",3%," 8,894.00 ",10%
Redditch,England,West Midlands,Worcestershire," 88,293.00 "," 75,932.00 ",86%," 1,766.00 ",2%," 7,063.00 ",8%," 3,532.00 ",4%," 12,361.00 ",14%
Argyll and Bute,Scotland,Scotland,Argyll," 87,654.00 "," 78,889.00 ",90%," 1,753.00 ",2%," 4,383.00 ",5%," 2,630.00 ",3%," 8,766.00 ",10%
Fylde,England,North West England,Lancashire," 87,412.00 "," 78,671.00 ",90%," 1,748.00 ",2%," 4,371.00 ",5%," 2,622.00 ",3%," 8,741.00 ",10%
Hyndburn,England,North West England,Lancashire," 87,277.00 "," 78,549.00 ",90%," 1,746.00 ",2%," 4,364.00 ",5%," 2,618.00 ",3%," 8,728.00 ",10%
Mid Devon,England,South West England,Devon," 86,345.00 "," 77,710.00 ",90%," 1,727.00 ",2%," 4,317.00 ",5%," 2,590.00 ",3%," 8,634.00 ",10%
Bolsover,England,East Midlands,Derbyshire," 85,204.00 "," 76,684.00 ",90%," 1,704.00 ",2%," 4,260.00 ",5%," 2,556.00 ",3%," 8,520.00 ",10%
Malvern Hills,England,West Midlands,Worcestershire," 84,918.00 "," 81,521.00 ",96%, 849.00 ,1%," 1,698.00 ",2%, 849.00 ,1%," 3,396.00 ",4%
Epsom and Ewell,England,South East England,Surrey," 84,298.00 "," 75,868.00 ",90%," 1,686.00 ",2%," 4,215.00 ",5%," 2,529.00 ",3%," 8,430.00 ",10%
Gosport,England,South East England,Hampshire," 82,719.00 "," 74,447.00 ",90%," 1,654.00 ",2%," 4,136.00 ",5%," 2,482.00 ",3%," 8,272.00 ",10%
Tamworth,England,West Midlands,Staffordshire," 81,912.00 "," 72,083.00 ",88%," 1,638.00 ",2%," 5,734.00 ",7%," 2,457.00 ",3%," 9,829.00 ",12%
Brentwood,England,South East England,Essex," 79,924.00 "," 71,932.00 ",90%," 1,598.00 ",2%," 3,996.00 ",5%," 2,398.00 ",3%," 7,992.00 ",10%
Inverclyde,Scotland,Scotland,Renfrewshire," 78,559.00 "," 70,703.00 ",90%," 1,571.00 ",2%," 3,928.00 ",5%," 2,357.00 ",3%," 7,856.00 ",10%
Rossendale,England,North West England,Lancashire," 73,929.00 "," 66,536.00 ",90%," 1,479.00 ",2%," 3,696.00 ",5%," 2,218.00 ",3%," 7,393.00 ",10%
Ceredigion,Wales,Wales,Dyfed," 72,351.00 "," 65,116.00 ",90%," 1,447.00 ",2%," 3,618.00 ",5%," 2,171.00 ",3%," 7,236.00 ",10%
Derbyshire Dales,England,East Midlands,Derbyshire," 71,950.00 "," 64,755.00 ",90%," 1,439.00 ",2%," 3,598.00 ",5%," 2,158.00 ",3%," 7,195.00 ",10%
Boston,England,East Midlands,Lincolnshire," 71,881.00 "," 64,693.00 ",90%," 1,438.00 ",2%," 3,594.00 ",5%," 2,156.00 ",3%," 7,188.00 ",10%
Torridge,England,South West England,Devon," 70,770.00 "," 63,693.00 ",90%," 1,415.00 ",2%," 3,538.00 ",5%," 2,123.00 ",3%," 7,076.00 ",10%
Maldon,England,South East England,Essex," 70,623.00 "," 63,561.00 ",90%," 1,412.00 ",2%," 3,531.00 ",5%," 2,119.00 ",3%," 7,062.00 ",10%
Isle of Anglesey,Wales,Wales,Gwynedd," 69,027.00 "," 62,124.00 ",90%," 1,381.00 ",2%," 3,451.00 ",5%," 2,071.00 ",3%," 6,903.00 ",10%
North Warwickshire,England,West Midlands,Warwickshire," 68,145.00 "," 64,738.00 ",95%, 681.00 ,1%," 2,044.00 ",3%, 681.00 ,1%," 3,406.00 ",5%
Blaenau Gwent,Wales,Wales,Gwent," 67,758.00 "," 60,982.00 ",90%," 1,355.00 ",2%," 3,388.00 ",5%," 2,033.00 ",3%," 6,776.00 ",10%
Ribble Valley,England,North West England,Lancashire," 67,592.00 "," 60,833.00 ",90%," 1,352.00 ",2%," 3,380.00 ",5%," 2,028.00 ",3%," 6,760.00 ",10%
Adur,England,South East England,West Sussex," 65,132.00 "," 58,619.00 ",90%," 1,303.00 ",2%," 3,257.00 ",5%," 1,954.00 ",3%," 6,514.00 ",10%
Oadby and Wigston,England,East Midlands,Leicestershire," 62,983.00 "," 39,049.00 ",62%," 1,889.00 ",3%," 19,525.00 ",31%," 2,519.00 ",4%," 23,933.00 ",38%
West Devon,England,South West England,Devon," 59,924.00 "," 53,932.00 ",90%," 1,198.00 ",2%," 2,996.00 ",5%," 1,798.00 ",3%," 5,992.00 ",10%
Merthyr Tydfil,Wales,Wales,Mid Glamorgan," 58,983.00 "," 53,085.00 ",90%," 1,180.00 ",2%," 2,949.00 ",5%," 1,769.00 ",3%," 5,898.00 ",10%
Melton,England,East Midlands,Leicestershire," 54,752.00 "," 50,919.00 ",93%, 548.00 ,1%," 2,190.00 ",4%," 1,095.00 ",2%," 3,833.00 ",7%
Clackmannanshire,Scotland,Scotland,Clackmannanshire," 52,233.00 "," 47,010.00 ",90%," 1,045.00 ",2%," 2,612.00 ",5%," 1,567.00 ",3%," 5,224.00 ",10%
Rutland,England,East Midlands,Rutland," 42,142.00 "," 39,613.00 ",94%, 421.00 ,1%," 1,686.00 ",4%, 421.00 ,1%," 2,528.00 ",6%
Na h-Eileanan Siar,Scotland,Scotland,Western Isles," 25,822.00 "," 23,240.00 ",90%, 516.00 ,2%," 1,291.00 ",5%, 775.00 ,3%," 2,582.00 ",10%
Shetland Islands,Scotland,Scotland,Shetland," 23,150.00 "," 20,835.00 ",90%, 463.00 ,2%," 1,158.00 ",5%, 694.00 ,3%," 2,315.00 ",10%
Orkney Islands,Scotland,Scotland,Orkney," 22,133.00 "," 19,920.00 ",90%, 443.00 ,2%," 1,107.00 ",5%, 664.00 ,3%," 2,214.00 ",10%
City of London,England,Greater London,Greater London," 16,700.00 "," 11,356.00 ",68%, 501.00 ,3%," 2,004.00 ",12%," 2,839.00 ",17%," 5,344.00 ",32%
Isles of Scilly,England,South West England,Cornwall," 2,395.00 "," 2,156.00 ",90%, 48.00 ,2%, 120.00 ,5%, 72.00 ,3%, 240.00 ,10%
